scan_round,peptide_length,backbone_file,archived_path,source_path,candidate_id
RF_round1,15,GCGR_0.pdb,results/structures/length_scan/round1_length_12_17/GCGR_0.pdb,test_lenghtscan/GCGR_0.pdb,GCGR_0
RF_round1,16,GCGR_1.pdb,results/structures/length_scan/round1_length_12_17/GCGR_1.pdb,test_lenghtscan/GCGR_1.pdb,GCGR_1
RF_round1,13,GCGR_10.pdb,results/structures/length_scan/round1_length_12_17/GCGR_10.pdb,test_lenghtscan/GCGR_10.pdb,
RF_round1,13,GCGR_11.pdb,results/structures/length_scan/round1_length_12_17/GCGR_11.pdb,test_lenghtscan/GCGR_11.pdb,
RF_round1,17,GCGR_12.pdb,results/structures/length_scan/round1_length_12_17/GCGR_12.pdb,test_lenghtscan/GCGR_12.pdb,
RF_round1,17,GCGR_13.pdb,results/structures/length_scan/round1_length_12_17/GCGR_13.pdb,test_lenghtscan/GCGR_13.pdb,
RF_round1,14,GCGR_14.pdb,results/structures/length_scan/round1_length_12_17/GCGR_14.pdb,test_lenghtscan/GCGR_14.pdb,GCGR_14
RF_round1,14,GCGR_15.pdb,results/structures/length_scan/round1_length_12_17/GCGR_15.pdb,test_lenghtscan/GCGR_15.pdb,
RF_round1,13,GCGR_16.pdb,results/structures/length_scan/round1_length_12_17/GCGR_16.pdb,test_lenghtscan/GCGR_16.pdb,
RF_round1,15,GCGR_17.pdb,results/structures/length_scan/round1_length_12_17/GCGR_17.pdb,test_lenghtscan/GCGR_17.pdb,
RF_round1,14,GCGR_18.pdb,results/structures/length_scan/round1_length_12_17/GCGR_18.pdb,test_lenghtscan/GCGR_18.pdb,
RF_round1,13,GCGR_19.pdb,results/structures/length_scan/round1_length_12_17/GCGR_19.pdb,test_lenghtscan/GCGR_19.pdb,
RF_round1,16,GCGR_2.pdb,results/structures/length_scan/round1_length_12_17/GCGR_2.pdb,test_lenghtscan/GCGR_2.pdb,GCGR_2
RF_round1,15,GCGR_20.pdb,results/structures/length_scan/round1_length_12_17/GCGR_20.pdb,test_lenghtscan/GCGR_20.pdb,
RF_round1,13,GCGR_21.pdb,results/structures/length_scan/round1_length_12_17/GCGR_21.pdb,test_lenghtscan/GCGR_21.pdb,
RF_round1,17,GCGR_22.pdb,results/structures/length_scan/round1_length_12_17/GCGR_22.pdb,test_lenghtscan/GCGR_22.pdb,GCGR_22
RF_round1,17,GCGR_23.pdb,results/structures/length_scan/round1_length_12_17/GCGR_23.pdb,test_lenghtscan/GCGR_23.pdb,
RF_round1,14,GCGR_24.pdb,results/structures/length_scan/round1_length_12_17/GCGR_24.pdb,test_lenghtscan/GCGR_24.pdb,
RF_round1,13,GCGR_25.pdb,results/structures/length_scan/round1_length_12_17/GCGR_25.pdb,test_lenghtscan/GCGR_25.pdb,
RF_round1,15,GCGR_26.pdb,results/structures/length_scan/round1_length_12_17/GCGR_26.pdb,test_lenghtscan/GCGR_26.pdb,GCGR_26
RF_round1,12,GCGR_27.pdb,results/structures/length_scan/round1_length_12_17/GCGR_27.pdb,test_lenghtscan/GCGR_27.pdb,
RF_round1,13,GCGR_28.pdb,results/structures/length_scan/round1_length_12_17/GCGR_28.pdb,test_lenghtscan/GCGR_28.pdb,
RF_round1,15,GCGR_29.pdb,results/structures/length_scan/round1_length_12_17/GCGR_29.pdb,test_lenghtscan/GCGR_29.pdb,
RF_round1,15,GCGR_3.pdb,results/structures/length_scan/round1_length_12_17/GCGR_3.pdb,test_lenghtscan/GCGR_3.pdb,
RF_round1,15,GCGR_30.pdb,results/structures/length_scan/round1_length_12_17/GCGR_30.pdb,test_lenghtscan/GCGR_30.pdb,GCGR_30
RF_round1,16,GCGR_31.pdb,results/structures/length_scan/round1_length_12_17/GCGR_31.pdb,test_lenghtscan/GCGR_31.pdb,GCGR_31
RF_round1,13,GCGR_32.pdb,results/structures/length_scan/round1_length_12_17/GCGR_32.pdb,test_lenghtscan/GCGR_32.pdb,
RF_round1,14,GCGR_33.pdb,results/structures/length_scan/round1_length_12_17/GCGR_33.pdb,test_lenghtscan/GCGR_33.pdb,
RF_round1,16,GCGR_34.pdb,results/structures/length_scan/round1_length_12_17/GCGR_34.pdb,test_lenghtscan/GCGR_34.pdb,
RF_round1,12,GCGR_35.pdb,results/structures/length_scan/round1_length_12_17/GCGR_35.pdb,test_lenghtscan/GCGR_35.pdb,
RF_round1,17,GCGR_36.pdb,results/structures/length_scan/round1_length_12_17/GCGR_36.pdb,test_lenghtscan/GCGR_36.pdb,
RF_round1,17,GCGR_37.pdb,results/structures/length_scan/round1_length_12_17/GCGR_37.pdb,test_lenghtscan/GCGR_37.pdb,GCGR_37
RF_round1,16,GCGR_38.pdb,results/structures/length_scan/round1_length_12_17/GCGR_38.pdb,test_lenghtscan/GCGR_38.pdb,
RF_round1,12,GCGR_39.pdb,results/structures/length_scan/round1_length_12_17/GCGR_39.pdb,test_lenghtscan/GCGR_39.pdb,
RF_round1,17,GCGR_4.pdb,results/structures/length_scan/round1_length_12_17/GCGR_4.pdb,test_lenghtscan/GCGR_4.pdb,
RF_round1,17,GCGR_40.pdb,results/structures/length_scan/round1_length_12_17/GCGR_40.pdb,test_lenghtscan/GCGR_40.pdb,
RF_round1,14,GCGR_41.pdb,results/structures/length_scan/round1_length_12_17/GCGR_41.pdb,test_lenghtscan/GCGR_41.pdb,
RF_round1,16,GCGR_42.pdb,results/structures/length_scan/round1_length_12_17/GCGR_42.pdb,test_lenghtscan/GCGR_42.pdb,
RF_round1,16,GCGR_43.pdb,results/structures/length_scan/round1_length_12_17/GCGR_43.pdb,test_lenghtscan/GCGR_43.pdb,
RF_round1,13,GCGR_44.pdb,results/structures/length_scan/round1_length_12_17/GCGR_44.pdb,test_lenghtscan/GCGR_44.pdb,
RF_round1,16,GCGR_45.pdb,results/structures/length_scan/round1_length_12_17/GCGR_45.pdb,test_lenghtscan/GCGR_45.pdb,
RF_round1,16,GCGR_46.pdb,results/structures/length_scan/round1_length_12_17/GCGR_46.pdb,test_lenghtscan/GCGR_46.pdb,
RF_round1,17,GCGR_47.pdb,results/structures/length_scan/round1_length_12_17/GCGR_47.pdb,test_lenghtscan/GCGR_47.pdb,
RF_round1,13,GCGR_48.pdb,results/structures/length_scan/round1_length_12_17/GCGR_48.pdb,test_lenghtscan/GCGR_48.pdb,
RF_round1,16,GCGR_49.pdb,results/structures/length_scan/round1_length_12_17/GCGR_49.pdb,test_lenghtscan/GCGR_49.pdb,
RF_round1,17,GCGR_5.pdb,results/structures/length_scan/round1_length_12_17/GCGR_5.pdb,test_lenghtscan/GCGR_5.pdb,
RF_round1,12,GCGR_50.pdb,results/structures/length_scan/round1_length_12_17/GCGR_50.pdb,test_lenghtscan/GCGR_50.pdb,
RF_round1,13,GCGR_51.pdb,results/structures/length_scan/round1_length_12_17/GCGR_51.pdb,test_lenghtscan/GCGR_51.pdb,
RF_round1,15,GCGR_52.pdb,results/structures/length_scan/round1_length_12_17/GCGR_52.pdb,test_lenghtscan/GCGR_52.pdb,
RF_round1,15,GCGR_53.pdb,results/structures/length_scan/round1_length_12_17/GCGR_53.pdb,test_lenghtscan/GCGR_53.pdb,
RF_round1,16,GCGR_54.pdb,results/structures/length_scan/round1_length_12_17/GCGR_54.pdb,test_lenghtscan/GCGR_54.pdb,
RF_round1,16,GCGR_55.pdb,results/structures/length_scan/round1_length_12_17/GCGR_55.pdb,test_lenghtscan/GCGR_55.pdb,
RF_round1,13,GCGR_56.pdb,results/structures/length_scan/round1_length_12_17/GCGR_56.pdb,test_lenghtscan/GCGR_56.pdb,
RF_round1,13,GCGR_57.pdb,results/structures/length_scan/round1_length_12_17/GCGR_57.pdb,test_lenghtscan/GCGR_57.pdb,
RF_round1,15,GCGR_58.pdb,results/structures/length_scan/round1_length_12_17/GCGR_58.pdb,test_lenghtscan/GCGR_58.pdb,
RF_round1,15,GCGR_59.pdb,results/structures/length_scan/round1_length_12_17/GCGR_59.pdb,test_lenghtscan/GCGR_59.pdb,
RF_round1,13,GCGR_6.pdb,results/structures/length_scan/round1_length_12_17/GCGR_6.pdb,test_lenghtscan/GCGR_6.pdb,GCGR_6
RF_round1,17,GCGR_7.pdb,results/structures/length_scan/round1_length_12_17/GCGR_7.pdb,test_lenghtscan/GCGR_7.pdb,
RF_round1,17,GCGR_8.pdb,results/structures/length_scan/round1_length_12_17/GCGR_8.pdb,test_lenghtscan/GCGR_8.pdb,
RF_round1,13,GCGR_9.pdb,results/structures/length_scan/round1_length_12_17/GCGR_9.pdb,test_lenghtscan/GCGR_9.pdb,
RF_round2,9,GCGR_9_12_0.pdb,results/structures/length_scan/round2_length_9_12/GCGR_9_12_0.pdb,batch2/GCGR_9_12_0.pdb,
RF_round2,10,GCGR_9_12_1.pdb,results/structures/length_scan/round2_length_9_12/GCGR_9_12_1.pdb,batch2/GCGR_9_12_1.pdb,
RF_round2,11,GCGR_9_12_10.pdb,results/structures/length_scan/round2_length_9_12/GCGR_9_12_10.pdb,batch2/GCGR_9_12_10.pdb,
RF_round2,11,GCGR_9_12_11.pdb,results/structures/length_scan/round2_length_9_12/GCGR_9_12_11.pdb,batch2/GCGR_9_12_11.pdb,
RF_round2,12,GCGR_9_12_12.pdb,results/structures/length_scan/round2_length_9_12/GCGR_9_12_12.pdb,batch2/GCGR_9_12_12.pdb,
RF_round2,12,GCGR_9_12_13.pdb,results/structures/length_scan/round2_length_9_12/GCGR_9_12_13.pdb,batch2/GCGR_9_12_13.pdb,
RF_round2,10,GCGR_9_12_14.pdb,results/structures/length_scan/round2_length_9_12/GCGR_9_12_14.pdb,batch2/GCGR_9_12_14.pdb,
RF_round2,12,GCGR_9_12_15.pdb,results/structures/length_scan/round2_length_9_12/GCGR_9_12_15.pdb,batch2/GCGR_9_12_15.pdb,GCGR_9_12_15
RF_round2,11,GCGR_9_12_16.pdb,results/structures/length_scan/round2_length_9_12/GCGR_9_12_16.pdb,batch2/GCGR_9_12_16.pdb,
RF_round2,9,GCGR_9_12_17.pdb,results/structures/length_scan/round2_length_9_12/GCGR_9_12_17.pdb,batch2/GCGR_9_12_17.pdb,
RF_round2,11,GCGR_9_12_18.pdb,results/structures/length_scan/round2_length_9_12/GCGR_9_12_18.pdb,batch2/GCGR_9_12_18.pdb,
RF_round2,12,GCGR_9_12_19.pdb,results/structures/length_scan/round2_length_9_12/GCGR_9_12_19.pdb,batch2/GCGR_9_12_19.pdb,
RF_round2,9,GCGR_9_12_2.pdb,results/structures/length_scan/round2_length_9_12/GCGR_9_12_2.pdb,batch2/GCGR_9_12_2.pdb,GCGR_9_12_2
RF_round2,9,GCGR_9_12_20.pdb,results/structures/length_scan/round2_length_9_12/GCGR_9_12_20.pdb,batch2/GCGR_9_12_20.pdb,
RF_round2,10,GCGR_9_12_21.pdb,results/structures/length_scan/round2_length_9_12/GCGR_9_12_21.pdb,batch2/GCGR_9_12_21.pdb,
RF_round2,12,GCGR_9_12_22.pdb,results/structures/length_scan/round2_length_9_12/GCGR_9_12_22.pdb,batch2/GCGR_9_12_22.pdb,
RF_round2,12,GCGR_9_12_23.pdb,results/structures/length_scan/round2_length_9_12/GCGR_9_12_23.pdb,batch2/GCGR_9_12_23.pdb,
RF_round2,9,GCGR_9_12_24.pdb,results/structures/length_scan/round2_length_9_12/GCGR_9_12_24.pdb,batch2/GCGR_9_12_24.pdb,
RF_round2,11,GCGR_9_12_25.pdb,results/structures/length_scan/round2_length_9_12/GCGR_9_12_25.pdb,batch2/GCGR_9_12_25.pdb,
RF_round2,9,GCGR_9_12_26.pdb,results/structures/length_scan/round2_length_9_12/GCGR_9_12_26.pdb,batch2/GCGR_9_12_26.pdb,
RF_round2,9,GCGR_9_12_27.pdb,results/structures/length_scan/round2_length_9_12/GCGR_9_12_27.pdb,batch2/GCGR_9_12_27.pdb,
RF_round2,10,GCGR_9_12_28.pdb,results/structures/length_scan/round2_length_9_12/GCGR_9_12_28.pdb,batch2/GCGR_9_12_28.pdb,
RF_round2,9,GCGR_9_12_29.pdb,results/structures/length_scan/round2_length_9_12/GCGR_9_12_29.pdb,batch2/GCGR_9_12_29.pdb,
RF_round2,9,GCGR_9_12_3.pdb,results/structures/length_scan/round2_length_9_12/GCGR_9_12_3.pdb,batch2/GCGR_9_12_3.pdb,
RF_round2,10,GCGR_9_12_30.pdb,results/structures/length_scan/round2_length_9_12/GCGR_9_12_30.pdb,batch2/GCGR_9_12_30.pdb,
RF_round2,10,GCGR_9_12_31.pdb,results/structures/length_scan/round2_length_9_12/GCGR_9_12_31.pdb,batch2/GCGR_9_12_31.pdb,
RF_round2,9,GCGR_9_12_32.pdb,results/structures/length_scan/round2_length_9_12/GCGR_9_12_32.pdb,batch2/GCGR_9_12_32.pdb,
RF_round2,9,GCGR_9_12_33.pdb,results/structures/length_scan/round2_length_9_12/GCGR_9_12_33.pdb,batch2/GCGR_9_12_33.pdb,
RF_round2,9,GCGR_9_12_34.pdb,results/structures/length_scan/round2_length_9_12/GCGR_9_12_34.pdb,batch2/GCGR_9_12_34.pdb,
RF_round2,11,GCGR_9_12_35.pdb,results/structures/length_scan/round2_length_9_12/GCGR_9_12_35.pdb,batch2/GCGR_9_12_35.pdb,
RF_round2,12,GCGR_9_12_36.pdb,results/structures/length_scan/round2_length_9_12/GCGR_9_12_36.pdb,batch2/GCGR_9_12_36.pdb,
RF_round2,12,GCGR_9_12_37.pdb,results/structures/length_scan/round2_length_9_12/GCGR_9_12_37.pdb,batch2/GCGR_9_12_37.pdb,
RF_round2,9,GCGR_9_12_38.pdb,results/structures/length_scan/round2_length_9_12/GCGR_9_12_38.pdb,batch2/GCGR_9_12_38.pdb,
RF_round2,9,GCGR_9_12_39.pdb,results/structures/length_scan/round2_length_9_12/GCGR_9_12_39.pdb,batch2/GCGR_9_12_39.pdb,
RF_round2,10,GCGR_9_12_4.pdb,results/structures/length_scan/round2_length_9_12/GCGR_9_12_4.pdb,batch2/GCGR_9_12_4.pdb,
RF_round2,11,GCGR_9_12_40.pdb,results/structures/length_scan/round2_length_9_12/GCGR_9_12_40.pdb,batch2/GCGR_9_12_40.pdb,
RF_round2,11,GCGR_9_12_41.pdb,results/structures/length_scan/round2_length_9_12/GCGR_9_12_41.pdb,batch2/GCGR_9_12_41.pdb,GCGR_9_12_41
RF_round2,10,GCGR_9_12_42.pdb,results/structures/length_scan/round2_length_9_12/GCGR_9_12_42.pdb,batch2/GCGR_9_12_42.pdb,
RF_round2,10,GCGR_9_12_43.pdb,results/structures/length_scan/round2_length_9_12/GCGR_9_12_43.pdb,batch2/GCGR_9_12_43.pdb,
RF_round2,9,GCGR_9_12_44.pdb,results/structures/length_scan/round2_length_9_12/GCGR_9_12_44.pdb,batch2/GCGR_9_12_44.pdb,
RF_round2,10,GCGR_9_12_45.pdb,results/structures/length_scan/round2_length_9_12/GCGR_9_12_45.pdb,batch2/GCGR_9_12_45.pdb,
RF_round2,9,GCGR_9_12_46.pdb,results/structures/length_scan/round2_length_9_12/GCGR_9_12_46.pdb,batch2/GCGR_9_12_46.pdb,
RF_round2,11,GCGR_9_12_47.pdb,results/structures/length_scan/round2_length_9_12/GCGR_9_12_47.pdb,batch2/GCGR_9_12_47.pdb,
RF_round2,10,GCGR_9_12_48.pdb,results/structures/length_scan/round2_length_9_12/GCGR_9_12_48.pdb,batch2/GCGR_9_12_48.pdb,
RF_round2,10,GCGR_9_12_49.pdb,results/structures/length_scan/round2_length_9_12/GCGR_9_12_49.pdb,batch2/GCGR_9_12_49.pdb,
RF_round2,12,GCGR_9_12_5.pdb,results/structures/length_scan/round2_length_9_12/GCGR_9_12_5.pdb,batch2/GCGR_9_12_5.pdb,
RF_round2,10,GCGR_9_12_50.pdb,results/structures/length_scan/round2_length_9_12/GCGR_9_12_50.pdb,batch2/GCGR_9_12_50.pdb,
RF_round2,12,GCGR_9_12_51.pdb,results/structures/length_scan/round2_length_9_12/GCGR_9_12_51.pdb,batch2/GCGR_9_12_51.pdb,GCGR_9_12_51
RF_round2,12,GCGR_9_12_52.pdb,results/structures/length_scan/round2_length_9_12/GCGR_9_12_52.pdb,batch2/GCGR_9_12_52.pdb,
RF_round2,9,GCGR_9_12_53.pdb,results/structures/length_scan/round2_length_9_12/GCGR_9_12_53.pdb,batch2/GCGR_9_12_53.pdb,
RF_round2,9,GCGR_9_12_54.pdb,results/structures/length_scan/round2_length_9_12/GCGR_9_12_54.pdb,batch2/GCGR_9_12_54.pdb,
RF_round2,10,GCGR_9_12_55.pdb,results/structures/length_scan/round2_length_9_12/GCGR_9_12_55.pdb,batch2/GCGR_9_12_55.pdb,
RF_round2,10,GCGR_9_12_56.pdb,results/structures/length_scan/round2_length_9_12/GCGR_9_12_56.pdb,batch2/GCGR_9_12_56.pdb,
RF_round2,12,GCGR_9_12_57.pdb,results/structures/length_scan/round2_length_9_12/GCGR_9_12_57.pdb,batch2/GCGR_9_12_57.pdb,
RF_round2,10,GCGR_9_12_58.pdb,results/structures/length_scan/round2_length_9_12/GCGR_9_12_58.pdb,batch2/GCGR_9_12_58.pdb,
RF_round2,11,GCGR_9_12_59.pdb,results/structures/length_scan/round2_length_9_12/GCGR_9_12_59.pdb,batch2/GCGR_9_12_59.pdb,
RF_round2,12,GCGR_9_12_6.pdb,results/structures/length_scan/round2_length_9_12/GCGR_9_12_6.pdb,batch2/GCGR_9_12_6.pdb,
RF_round2,12,GCGR_9_12_7.pdb,results/structures/length_scan/round2_length_9_12/GCGR_9_12_7.pdb,batch2/GCGR_9_12_7.pdb,
RF_round2,12,GCGR_9_12_8.pdb,results/structures/length_scan/round2_length_9_12/GCGR_9_12_8.pdb,batch2/GCGR_9_12_8.pdb,GCGR_9_12_8
RF_round2,9,GCGR_9_12_9.pdb,results/structures/length_scan/round2_length_9_12/GCGR_9_12_9.pdb,batch2/GCGR_9_12_9.pdb,
